StartDate,EndDate,Status,Progress,Duration (in seconds),Finished,RecordedDate,ResponseId,DistributionChannel,UserLanguage,Q_RecaptchaScore,Q1.0,Q2.1,Q2.2,Q2.3,Q2.4,Q2.5,Q2.6,Q2.7,Q41,Q3.1_1,Q3.2,Q5.1_1,Q5.1_2,Q5.1_3,Q5.1_4,Q5.1_5,Q5.1_6,Q5.1_7,Q5.1_8,Q5.1_9,Q5.1_10,Q5.1_11,Q5.1_12,Q5.1_13,Q5.1_14,Q5.1_15,Q5.2,Q6.1_1,Q6.1_2,Q6.1_3,Q6.1_4,Q6.1_5,Q6.1_6,Q7.1_1,Q7.1_2,Q7.1_3,Q7.1_4,Q7.1_5,Q7.1_6,Q8.1_1,Q8.1_2,Q8.1_3,Q8.1_4,Q8.1_5,Q8.1_6,Q8.1_7,Q8.1_8,Q8.1_9,Q8.1_10,Q8.1_11,Q8.1_12,Q9.1_1,Q9.1_2,Q9.1_3,Q9.1_4,Q9.1_5,Q9.1_6,Q9.1_7,Q9.1_8,Q9.1_9,Q9.1_10,Q10.1_1,Q10.1_2,Q10.2_1,Q10.2_2,Q10.3,Q10.4
Start Date,End Date,Response Type,Progress,Duration (in seconds),Finished,Recorded Date,Response ID,Distribution Channel,User Language,Q_RecaptchaScore,Informed_Consent,What is your age?,What is your sex?,At which university are you currently employed? (optional),What is your current academic position?,How many years have you been active in academia (post-undergraduate)? Express in full years.,"How many times have you shared data in an online repository, approximately? State in terms of percentages of total number of articles published (0-100, no percentage sign needed).",How likely are you to share the research data for your next paper in an online repository?,How likely are you to share research data currently?,These questions relate to legal constraints connected to data sharing. - I am not allowed to share my research data,Why are you not allowed to share your research data?,These statements relate to possible barriers for data sharing. - I do not wish to answer questions about my data coming from secondary researchers who aren't experts in the field,These statements relate to possible barriers for data sharing. - Preparing data to make it suitable for online sharing is too time consuming for me,These statements relate to possible barriers for data sharing. - It is unfair for other researchers to profit from my hard work; they should collect their own data,These statements relate to possible barriers for data sharing. - My data set is too big to share,These statements relate to possible barriers for data sharing. - My data set is too complex to share,These statements relate to possible barriers for data sharing. - My data is not important enough to share,"These statements relate to possible barriers for data sharing. - I am afraid that I will not get proper recognition for sharing my data, in the form of a footnote","These statements relate to possible barriers for data sharing. - I am afraid that I will not get proper recognition for sharing my data, in the form of a citation","These statements relate to possible barriers for data sharing. - I am afraid that I will not get proper recognition for sharing my data, in the form of co-authorship",These statements relate to possible barriers for data sharing. - I have never learned to share my research data online,These statements relate to possible barriers for data sharing. - Online sharing of research data is not a common practice in my field,These statements relate to possible barriers for data sharing. - I plan to commercialize my data or technology,These statements relate to possible barriers for data sharing. - I prefer to share my data sets upon request,"These statements relate to possible barriers for data sharing. - There is no suitable place to share my research data, e.g. the repository does not have enough capacity",These statements relate to possible barriers for data sharing. - I have never thought about sharing my research data online,List as many online data repositories you can think of:,"These questions relate to other researchers' fears with regard to data sharing. - I think that other researchers are afraid that by sharing their data, they lose control over their intellectual property",These questions relate to other researchers' fears with regard to data sharing. - I think that other researchers are afraid that alternative analyses will be performed on their data and that it will be argued that their conclusions are invalid,These questions relate to other researchers' fears with regard to data sharing. - I think that other researchers are afraid that errors will be discovered in their data,These questions relate to other researchers' fears with regard to data sharing. - I think that other researchers are afraid of being scooped; that others may publish results from their data set before they are able to,These questions relate to other researchers' fears with regard to data sharing. - I think that other researchers are afraid a secondary user will misinterpret their data,These questions relate to other researchers' fears with regard to data sharing. - I think that other researchers are afraid that a secondary user will use their data for unintended purposes,These questions relate to potential fears with regard to data sharing. - I feel that by sharing my data I lose control over my intellectual property,These questions relate to potential fears with regard to data sharing. - I am afraid that other researchers will perform alternative analyses on my data and argue that my conclusions are invalid,These questions relate to potential fears with regard to data sharing. - I am afraid that other researchers will discover errors in my data,These questions relate to potential fears with regard to data sharing. - I am afraid of being scooped: that other researchers may publish results from my data set before I can,These questions relate to potential fears with regard to data sharing. - I am afraid that a secondary user will misinterpret my data,These questions relate to potential fears with regard to data sharing. - I am afraid that a secondary user will use my data for unintended purposes,How likely you are you to share your research data if ... ? (part 1/2) - ... minimal effort is required to share,How likely you are you to share your research data if ... ? (part 1/2) - ... minimal time is required to share,How likely you are you to share your research data if ... ? (part 1/2) - ... the data will be easily understood by secondary researchers,How likely you are you to share your research data if ... ? (part 1/2) - ... you would get recognition for the data with a footnote,How likely you are you to share your research data if ... ? (part 1/2) - ... you would get recognition for the data with a citation.,How likely you are you to share your research data if ... ? (part 1/2) - ... you would get recognition for the data with a co- authorship.,How likely you are you to share your research data if ... ? (part 1/2) - ... sharing research data would be granted the same prestige as publishing an research article,How likely you are you to share your research data if ... ? (part 1/2) - ... someone would show you how to share your data,How likely you are you to share your research data if ... ? (part 1/2) - ... there was a suitable place to share your research data,How likely you are you to share your research data if ... ? (part 1/2) - ... you had the first rights to publish the results from the data,How likely you are you to share your research data if ... ? (part 1/2) - ... you or your group trust the requestor of the data,"How likely you are you to share your research data if ... ? (part 1/2) - ... for each individual request, you can determine the conditions of sharing",How likely you are you to share your research data if ... ? (part 2/2) - ... your research funder requires you to share,How likely you are you to share your research data if ... ? (part 2/2) - ... your research funder encourages you to share.,How likely you are you to share your research data if ... ? (part 2/2) - ... the journal requires you to share,How likely you are you to share your research data if ... ? (part 2/2) - ... the journal encourages you to share,How likely you are you to share your research data if ... ? (part 2/2) - ... your institution requires you to share,How likely you are you to share your research data if ... ? (part 2/2) - ... your institution encourages you to share,How likely you are you to share your research data if ... ? (part 2/2) - ... your community expects you to share,How likely you are you to share your research data if ... ? (part 2/2) - ... you were financially rewarded to share your data,How likely you are you to share your research data if ... ? (part 2/2) - ... your research grants would be increased if you shared,How likely you are you to share your research data if ... ? (part 2/2) - ... your research grants would be decreased if you did not share your data,These questions relate to your general opinion about the practice of data sharing. - How desirable do you think data sharing is for your research field?,These questions relate to your general opinion about the practice of data sharing. - How desirable do you think data sharing is for your current research project?,These questions relate to your general opinion about the benefits of data sharing. - To what extent do you think your research field would profit from data sharing?,These questions relate to your general opinion about the benefits of data sharing. - To what extent do you think your current research project would profit from data sharing?,"In your view, which of the following options is the greatest benefit of sharing data? (the options have been suggested by Borgman, 2012)",What do you think is the best way to promote data sharing?
"{""ImportId"":""startDate"",""timeZone"":""America/Denver""}","{""ImportId"":""endDate"",""timeZone"":""America/Denver""}","{""ImportId"":""status""}","{""ImportId"":""progress""}","{""ImportId"":""duration""}","{""ImportId"":""finished""}","{""ImportId"":""recordedDate"",""timeZone"":""America/Denver""}","{""ImportId"":""_recordId""}","{""ImportId"":""distributionChannel""}","{""ImportId"":""userLanguage""}","{""ImportId"":""Q_RecaptchaScore""}","{""ImportId"":""QID2""}","{""ImportId"":""QID4_TEXT""}","{""ImportId"":""QID5""}","{""ImportId"":""QID6_TEXT""}","{""ImportId"":""QID7""}","{""ImportId"":""QID8_TEXT""}","{""ImportId"":""QID9_TEXT""}","{""ImportId"":""QID10""}","{""ImportId"":""QID12""}","{""ImportId"":""QID11_1""}","{""ImportId"":""QID13""}","{""ImportId"":""QID15_1""}","{""ImportId"":""QID15_2""}","{""ImportId"":""QID15_3""}","{""ImportId"":""QID15_4""}","{""ImportId"":""QID15_5""}","{""ImportId"":""QID15_6""}","{""ImportId"":""QID15_7""}","{""ImportId"":""QID15_8""}","{""ImportId"":""QID15_9""}","{""ImportId"":""QID15_10""}","{""ImportId"":""QID15_11""}","{""ImportId"":""QID15_12""}","{""ImportId"":""QID15_14""}","{""ImportId"":""QID15_15""}","{""ImportId"":""QID15_16""}","{""ImportId"":""QID16_TEXT""}","{""ImportId"":""QID17_1""}","{""ImportId"":""QID17_2""}","{""ImportId"":""QID17_3""}","{""ImportId"":""QID17_4""}","{""ImportId"":""QID17_5""}","{""ImportId"":""QID17_6""}","{""ImportId"":""QID18_1""}","{""ImportId"":""QID18_2""}","{""ImportId"":""QID18_3""}","{""ImportId"":""QID18_4""}","{""ImportId"":""QID18_5""}","{""ImportId"":""QID18_6""}","{""ImportId"":""QID19_1""}","{""ImportId"":""QID19_2""}","{""ImportId"":""QID19_3""}","{""ImportId"":""QID19_4""}","{""ImportId"":""QID19_5""}","{""ImportId"":""QID19_6""}","{""ImportId"":""QID19_7""}","{""ImportId"":""QID19_8""}","{""ImportId"":""QID19_9""}","{""ImportId"":""QID19_10""}","{""ImportId"":""QID19_11""}","{""ImportId"":""QID19_12""}","{""ImportId"":""QID20_1""}","{""ImportId"":""QID20_2""}","{""ImportId"":""QID20_3""}","{""ImportId"":""QID20_4""}","{""ImportId"":""QID20_5""}","{""ImportId"":""QID20_6""}","{""ImportId"":""QID20_7""}","{""ImportId"":""QID20_8""}","{""ImportId"":""QID20_9""}","{""ImportId"":""QID20_10""}","{""ImportId"":""QID21_1""}","{""ImportId"":""QID21_2""}","{""ImportId"":""QID22_1""}","{""ImportId"":""QID22_2""}","{""ImportId"":""QID23""}","{""ImportId"":""QID24_TEXT""}"
2025-08-16 10:07:56,2025-08-16 10:08:44,IP Address,54,48,False,2025-08-23 10:08:46,R_80q1hhwRxxVKOst,email,EN,0.8999999761581421,"I confirm that I am 18 years of age or older,I confirm that I have read and understand the information sheet for the above project,I understand that my participation is voluntary and that I am free to withdraw at any time during the survey without giving any reason,I have been informed about how the data will be used and stored",,,,,2,,,,,,,,,,,,,,,,,,,,,,,,,,,,,,,,,,,,,,,,,,,,,,,,,,,,,,,,,,,,,
2025-08-27 06:32:58,2025-08-27 09:15:37,IP Address,100,9758,True,2025-08-27 09:15:38,R_8jqbnrIJgYfQPNg,email,EN,1,"I confirm that I am 18 years of age or older,I confirm that I have read and understand the information sheet for the above project,I understand that my participation is voluntary and that I am free to withdraw at any time during the survey without giving any reason,I have been informed about how the data will be used and stored",28,Female,Durham University,PhD Student,4,100,Extremely likely,Extremely likely,Neither agree nor disagree,The consent form states that data will not be shared,Strongly disagree,Neither agree nor disagree,Disagree,Strongly disagree,Strongly disagree,Neither agree nor disagree,Somewhat agree,Disagree,Neither agree nor disagree,Strongly disagree,Somewhat agree,Disagree,Neither agree nor disagree,Strongly disagree,Strongly disagree,"Github, Open Science Framework (OSF)",Agree,Strongly agree,Neither agree nor disagree,Strongly agree,Neither agree nor disagree,Somewhat disagree,Somewhat disagree,Somewhat agree,Strongly disagree,Neither agree nor disagree,Somewhat agree,Somewhat disagree,Extremely likely,Extremely likely,Somewhat likely,Somewhat likely,Extremely likely,Extremely likely,Extremely likely,Somewhat unlikely,Somewhat likely,Somewhat likely,Extremely likely,Somewhat likely,Neither likely nor unlikely,Extremely likely,Extremely likely,Extremely likely,Somewhat likely,Somewhat likely,Extremely likely,Extremely likely,Somewhat likely,Extremely likely,Very Desirable,Very Desirable,A lot,None at all,Enable other researchers to ask new questions of extant data,"Adding value to secondary research through journal publications, encouraging students (right from under graduation) to share their data with their projects, having platforms where datasets can be recognised (open access journals) and the researcher benefits from it (through citations). I also think there needs to be a standardised ways of sharing datasets, some sort of a template which is easy to use."
2025-08-27 06:09:34,2025-08-27 09:48:12,IP Address,100,13118,True,2025-08-27 09:48:13,R_2rId2gRVTb3hlRe,email,EN,1,"I confirm that I am 18 years of age or older,I confirm that I have read and understand the information sheet for the above project,I understand that my participation is voluntary and that I am free to withdraw at any time during the survey without giving any reason,I have been informed about how the data will be used and stored",24,Female,Durham University,PhD Student,1,100,Extremely unlikely,Extremely unlikely,Somewhat disagree,My funder/adviser/boss does not allow me to share my data,Somewhat disagree,Somewhat agree,Disagree,Strongly disagree,Strongly disagree,Strongly disagree,Strongly disagree,Strongly disagree,Strongly disagree,Somewhat disagree,Somewhat disagree,Strongly disagree,Strongly disagree,Strongly disagree,Strongly disagree,"OSF, GitHub, figshare, arxiv, science data bank, zenodo",Agree,Disagree,Somewhat agree,Strongly agree,Disagree,Disagree,Somewhat disagree,Strongly disagree,Somewhat disagree,Somewhat disagree,Strongly disagree,Strongly disagree,Extremely likely,Extremely likely,Extremely likely,Somewhat likely,Somewhat likely,Neither likely nor unlikely,Neither likely nor unlikely,Somewhat likely,Somewhat likely,Somewhat likely,Somewhat likely,Somewhat unlikely,Extremely likely,Extremely likely,Extremely likely,Extremely likely,Extremely likely,Extremely likely,Extremely likely,Extremely likely,Extremely likely,Extremely likely,Desirable,Desirable,A great deal,A great deal,Advance the state of research and innovation,
2025-09-11 02:01:01,2025-09-11 02:01:26,Survey Preview,100,25,True,2025-09-11 02:01:26,R_86V6qzZpDB8RcNb,preview,EN,1,"I confirm that I am 18 years of age or older,I confirm that I have read and understand the information sheet for the above project,I understand that my participation is voluntary and that I am free to withdraw at any time during the survey without giving any reason,I have been informed about how the data will be used and stored",,,,,,,,,,,,,,,,,,,,,,,,,,,,,,,,,,,,,,,,,,,,,,,,,,,,,,,,,,,,,,,,,,
2025-09-11 03:01:25,2025-09-11 03:05:59,IP Address,100,273,True,2025-09-11 03:06:00,R_81KwdjHy6jkp5Cu,email,EN,1,"I confirm that I am 18 years of age or older,I confirm that I have read and understand the information sheet for the above project,I understand that my participation is voluntary and that I am free to withdraw at any time during the survey without giving any reason,I have been informed about how the data will be used and stored",66,Female,,Professor,25,0,Somewhat likely,Somewhat likely,Neither agree nor disagree,"Anonymity can not be guaranteed if the data is shared,Copyright issues",Somewhat agree,Somewhat agree,Somewhat disagree,Disagree,Disagree,Disagree,Agree,Strongly agree,Somewhat agree,Agree,Neither agree nor disagree,Strongly disagree,Somewhat agree,Neither agree nor disagree,Somewhat disagree,,Strongly agree,Strongly agree,Strongly agree,Strongly agree,Strongly agree,Strongly agree,Somewhat agree,Somewhat agree,Neither agree nor disagree,Somewhat agree,Strongly agree,Somewhat agree,Somewhat likely,Somewhat likely,Extremely likely,Extremely likely,Extremely likely,Extremely likely,Extremely likely,Somewhat likely,Extremely likely,Extremely likely,Extremely likely,Somewhat likely,Extremely likely,Somewhat likely,Extremely likely,Somewhat likely,Extremely likely,Neither likely nor unlikely,Neither likely nor unlikely,Neither likely nor unlikely,Somewhat likely,Extremely likely,Desirable,Neutral,A lot,A moderate amount,The ability to reproduce or verify research,
2025-09-11 03:10:08,2025-09-11 03:18:59,IP Address,100,531,True,2025-09-11 03:19:00,R_2rITOai60PxYD9h,email,EN,1,"I confirm that I am 18 years of age or older,I confirm that I have read and understand the information sheet for the above project,I understand that my participation is voluntary and that I am free to withdraw at any time during the survey without giving any reason,I have been informed about how the data will be used and stored",33,Female,"York University ",Other,9,0,Extremely unlikely,Extremely unlikely,Somewhat agree,"The consent form states that data will not be shared,Anonymity can not be guaranteed if the data is shared",Disagree,Strongly agree,Somewhat agree,Agree,Somewhat disagree,Neither agree nor disagree,Agree,Agree,Somewhat agree,Somewhat agree,Somewhat agree,Strongly disagree,Agree,Agree,Disagree,"I can’t think of any!! ",Agree,Somewhat agree,Strongly agree,Strongly agree,Somewhat agree,Agree,Neither agree nor disagree,Somewhat agree,Strongly agree,Neither agree nor disagree,Somewhat agree,Somewhat agree,Somewhat likely,Somewhat likely,Neither likely nor unlikely,Somewhat likely,Somewhat likely,Neither likely nor unlikely,Neither likely nor unlikely,Somewhat likely,Somewhat likely,Neither likely nor unlikely,Somewhat likely,Somewhat likely,Extremely likely,Neither likely nor unlikely,Extremely likely,Neither likely nor unlikely,Extremely likely,Neither likely nor unlikely,Neither likely nor unlikely,Somewhat likely,Somewhat likely,Somewhat likely,Neutral,Neutral,A lot,A moderate amount,Enable other researchers to ask new questions of extant data,I think there are issues with confidentiality in sharing data so I think if there were clear policies on what can and can’t be shared that would be helpful
2025-09-11 04:13:08,2025-09-11 04:23:03,IP Address,100,594,True,2025-09-11 04:23:03,R_7lsS6x8dbyjOaYp,email,EN,1,"I confirm that I am 18 years of age or older,I confirm that I have read and understand the information sheet for the above project,I understand that my participation is voluntary and that I am free to withdraw at any time during the survey without giving any reason,I have been informed about how the data will be used and stored",46,Male,Butler University,Associate Professor / Reader,11,0,Extremely unlikely,Neither likely nor unlikely,Neither agree nor disagree,"My Institutional Review Board does not allow me to share my data,The consent form states that data will not be shared,Stakeholder (e.g. company or institution) interests prohibit data from being shared",Strongly disagree,Somewhat agree,Strongly disagree,Disagree,Somewhat agree,Somewhat agree,Strongly disagree,Strongly disagree,Strongly disagree,Somewhat agree,Agree,Strongly disagree,Somewhat agree,Neither agree nor disagree,Agree,"Fig share, OSF",Somewhat agree,Agree,Agree,Agree,Strongly agree,Agree,Strongly disagree,Somewhat disagree,Somewhat disagree,Strongly disagree,Somewhat agree,Somewhat agree,Somewhat likely,Somewhat likely,Somewhat likely,Neither likely nor unlikely,Neither likely nor unlikely,Neither likely nor unlikely,Somewhat likely,Somewhat likely,Somewhat likely,Neither likely nor unlikely,Somewhat likely,Somewhat likely,Extremely likely,Extremely likely,Extremely likely,Extremely likely,Extremely likely,Extremely likely,Extremely likely,Extremely likely,Extremely likely,Extremely likely,Undesirable,Undesirable,A lot,A little,Enable other researchers to ask new questions of extant data,"Like many things in academia, better practices come with the community of scholars accepting it as a standard. Data sharing in music education has little benefit as it is not being done widely, and it is one more step and one more hassle (especially with my IRB) to deal with. It has little benefit at moment and a good deal of extra work"
2025-09-11 04:22:50,2025-09-11 04:32:27,IP Address,100,576,True,2025-09-11 04:32:27,R_2w4hR7wluDjH46L,email,EN,0.8999999761581421,"I confirm that I am 18 years of age or older,I confirm that I have read and understand the information sheet for the above project,I understand that my participation is voluntary and that I am free to withdraw at any time during the survey without giving any reason,I have been informed about how the data will be used and stored",39,Male,University of Agder,Associate Professor / Reader,9,90,Extremely likely,Extremely likely,Strongly agree,"The consent form states that data will not be shared,Other (there will be an option to offer reasons for other reasons later)",Strongly disagree,Strongly disagree,Strongly disagree,Strongly disagree,Strongly disagree,Strongly disagree,Strongly disagree,Strongly disagree,Strongly disagree,Strongly disagree,Strongly disagree,Strongly disagree,Strongly disagree,Strongly disagree,Strongly disagree,"OSF
Figshare",Somewhat disagree,Agree,Agree,Somewhat agree,Disagree,Disagree,Strongly disagree,Strongly disagree,Somewhat disagree,Strongly disagree,Strongly disagree,Strongly disagree,Extremely likely,Extremely likely,Extremely likely,Extremely likely,Extremely likely,Extremely likely,Extremely likely,Extremely likely,Extremely likely,Extremely likely,Extremely likely,Extremely likely,Extremely likely,Extremely likely,Extremely likely,Extremely likely,Extremely likely,Extremely likely,Extremely likely,Extremely likely,Extremely likely,Extremely likely,Desirable,Very Desirable,A great deal,None at all,Enable other researchers to ask new questions of extant data,Give credit
2025-09-11 05:02:53,2025-09-11 05:08:44,IP Address,100,351,True,2025-09-11 05:08:45,R_8Q9QwkC8UZ0RqaM,email,EN,1,"I confirm that I am 18 years of age or older,I confirm that I have read and understand the information sheet for the above project,I understand that my participation is voluntary and that I am free to withdraw at any time during the survey without giving any reason,I have been informed about how the data will be used and stored",37,Male,Balikesir University,Assistant Professor,7,65,Extremely likely,Extremely likely,Strongly disagree,,Strongly disagree,Strongly disagree,Strongly disagree,Neither agree nor disagree,Neither agree nor disagree,Strongly disagree,Strongly disagree,Strongly disagree,Strongly disagree,Strongly disagree,Strongly disagree,Strongly disagree,Disagree,Strongly disagree,Strongly disagree,OSF,Strongly disagree,Strongly agree,Strongly agree,Neither agree nor disagree,Somewhat disagree,Disagree,Strongly disagree,Strongly agree,Strongly agree,Somewhat agree,Neither agree nor disagree,Somewhat disagree,Extremely likely,Extremely likely,Extremely likely,Somewhat likely,Somewhat likely,Somewhat likely,Somewhat likely,Neither likely nor unlikely,Extremely likely,,Somewhat likely,Somewhat likely,Extremely likely,Somewhat likely,Somewhat likely,Extremely likely,Somewhat likely,Somewhat likely,Somewhat likely,Extremely likely,Extremely likely,Somewhat likely,Very Desirable,Very Desirable,A lot,A lot,The ability to reproduce or verify research,That all journals would have the capability to handle large amounts of data
2025-09-11 04:07:43,2025-09-11 05:15:57,IP Address,100,4094,True,2025-09-11 05:15:58,R_73joXIcSfUkzloY,email,EN,0.8999999761581421,"I confirm that I am 18 years of age or older,I confirm that I have read and understand the information sheet for the above project,I understand that my participation is voluntary and that I am free to withdraw at any time during the survey without giving any reason,I have been informed about how the data will be used and stored",53,Male,"Universidad Nacional de Tres de Febrero (UNTREF), Argentina",Professor,29,90,Extremely likely,Extremely likely,Strongly disagree,,Strongly disagree,Disagree,Strongly disagree,Strongly disagree,Strongly disagree,Disagree,Strongly disagree,Strongly disagree,Strongly disagree,Strongly disagree,Strongly disagree,Somewhat agree,Disagree,Strongly disagree,Strongly disagree,"Zenodo, OSF, arXiv",Neither agree nor disagree,Neither agree nor disagree,Neither agree nor disagree,Neither agree nor disagree,Neither agree nor disagree,Neither agree nor disagree,Strongly disagree,Strongly disagree,Strongly disagree,Strongly disagree,Strongly disagree,Strongly disagree,Extremely likely,Extremely likely,Extremely likely,,Neither likely nor unlikely,Neither likely nor unlikely,Neither likely nor unlikely,Extremely likely,Extremely likely,Extremely likely,Extremely likely,Neither likely nor unlikely,Neither likely nor unlikely,Neither likely nor unlikely,Extremely likely,Extremely likely,Extremely likely,Extremely likely,Extremely likely,Extremely likely,Neither likely nor unlikely,Neither likely nor unlikely,Very Desirable,Very Desirable,A great deal,A great deal,Advance the state of research and innovation,
2025-09-11 05:23:27,2025-09-11 05:54:06,IP Address,100,1838,True,2025-09-11 05:54:07,R_8LO1hBVELoZJ4Lh,email,EN,0.8999999761581421,"I confirm that I am 18 years of age or older,I confirm that I have read and understand the information sheet for the above project,I understand that my participation is voluntary and that I am free to withdraw at any time during the survey without giving any reason,I have been informed about how the data will be used and stored",30,Female,,Post Doc,5,0,Somewhat likely,Somewhat likely,Neither agree nor disagree,"The consent form states that data will not be shared,Anonymity can not be guaranteed if the data is shared",Somewhat disagree,Somewhat agree,Strongly disagree,Strongly disagree,Strongly disagree,Strongly disagree,Strongly disagree,Disagree,Strongly disagree,Somewhat agree,Agree,Strongly disagree,Somewhat disagree,Strongly disagree,Strongly disagree,"OSF
GitHub
Through journals
Through university cloud",Somewhat disagree,Agree,Strongly agree,Agree,Neither agree nor disagree,Neither agree nor disagree,Somewhat disagree,Somewhat agree,Somewhat agree,Somewhat disagree,Somewhat disagree,Somewhat disagree,Somewhat likely,Somewhat likely,Neither likely nor unlikely,Neither likely nor unlikely,Somewhat likely,Extremely likely,Extremely likely,Neither likely nor unlikely,Neither likely nor unlikely,Neither likely nor unlikely,Extremely likely,Somewhat likely,Somewhat likely,Somewhat likely,Extremely likely,Somewhat likely,Somewhat likely,Somewhat likely,Extremely likely,Somewhat likely,Extremely likely,Extremely likely,Very Desirable,Desirable,A great deal,A moderate amount,Enable other researchers to ask new questions of extant data,Create incentives (e.g. treating it like a publication or a citation - I had never thought of that until completing this questionnaire!). Also training.
2025-09-11 09:17:52,2025-09-11 09:23:34,IP Address,100,342,True,2025-09-11 09:23:35,R_1QAHjyzlLwfgDHm,email,EN,1,"I confirm that I am 18 years of age or older,I confirm that I have read and understand the information sheet for the above project,I understand that my participation is voluntary and that I am free to withdraw at any time during the survey without giving any reason,I have been informed about how the data will be used and stored",44,Male,,Assistant Professor,11,0,Neither likely nor unlikely,Neither likely nor unlikely,Strongly agree,Other (there will be an option to offer reasons for other reasons later),Neither agree nor disagree,Disagree,Somewhat agree,Strongly disagree,Strongly disagree,Strongly disagree,Strongly disagree,Strongly agree,Somewhat agree,Disagree,Strongly agree,Strongly disagree,Neither agree nor disagree,Strongly disagree,Disagree,,Agree,Agree,Agree,Agree,Somewhat disagree,Disagree,Neither agree nor disagree,Somewhat disagree,Somewhat disagree,Somewhat agree,Strongly disagree,Strongly disagree,Somewhat likely,Somewhat likely,Somewhat likely,Extremely unlikely,Somewhat likely,Extremely likely,Extremely likely,Extremely unlikely,Extremely unlikely,Somewhat likely,Somewhat likely,Somewhat likely,Extremely likely,Somewhat likely,Extremely likely,Somewhat likely,,Somewhat likely,Extremely likely,Extremely likely,Extremely likely,Extremely likely,Very Desirable,Very Desirable,A great deal,A great deal,The ability to reproduce or verify research,"1. Journal requirements
2. Recognition through co-authorship (seems unlikely, but would definitely work) or citations (if this seemed likely)"
2025-09-11 08:28:26,2025-09-11 09:43:48,IP Address,100,4522,True,2025-09-11 09:43:49,R_6fYLu6IYUHnybVJ,email,EN,1,"I confirm that I am 18 years of age or older,I confirm that I have read and understand the information sheet for the above project,I understand that my participation is voluntary and that I am free to withdraw at any time during the survey without giving any reason,I have been informed about how the data will be used and stored",38,Female,,Associate Professor / Reader,15,75,Extremely likely,Extremely likely,Strongly disagree,,Somewhat agree,Somewhat agree,Neither agree nor disagree,Disagree,Disagree,Neither agree nor disagree,Disagree,Disagree,Disagree,Neither agree nor disagree,Disagree,Strongly disagree,Somewhat disagree,Strongly disagree,Strongly disagree,OSF,Agree,Agree,Agree,Neither agree nor disagree,Somewhat agree,Somewhat agree,Somewhat agree,Somewhat agree,Somewhat agree,Strongly disagree,Somewhat disagree,Somewhat disagree,Extremely likely,Extremely likely,Extremely likely,Neither likely nor unlikely,Neither likely nor unlikely,Somewhat likely,Somewhat likely,Somewhat likely,Extremely likely,Extremely likely,Extremely likely,Extremely likely,Extremely likely,Somewhat likely,Somewhat likely,Somewhat likely,Extremely likely,Somewhat likely,Somewhat likely,Extremely likely,Extremely likely,Extremely likely,Very Desirable,Very Desirable,None at all,None at all,The ability to reproduce or verify research,Shifting norms in the field to make it expected
2025-09-11 12:46:50,2025-09-11 12:59:42,IP Address,100,772,True,2025-09-11 12:59:43,R_7rwDhR94c2OEpaP,email,EN,1,"I confirm that I am 18 years of age or older,I confirm that I have read and understand the information sheet for the above project,I understand that my participation is voluntary and that I am free to withdraw at any time during the survey without giving any reason,I have been informed about how the data will be used and stored",47,Male,,Professor,27,20,Somewhat likely,Somewhat likely,Neither agree nor disagree,Other (there will be an option to offer reasons for other reasons later),Somewhat agree,Somewhat agree,Neither agree nor disagree,Somewhat agree,Somewhat agree,Neither agree nor disagree,Neither agree nor disagree,Somewhat agree,Somewhat disagree,Neither agree nor disagree,Neither agree nor disagree,Neither agree nor disagree,Agree,Somewhat disagree,Strongly disagree,OSF — Open Science Framework,Agree,Strongly agree,Somewhat agree,Agree,Agree,Agree,Neither agree nor disagree,Somewhat agree,Somewhat agree,Somewhat agree,Somewhat agree,Somewhat agree,Somewhat likely,Somewhat likely,Somewhat likely,Neither likely nor unlikely,Somewhat likely,Neither likely nor unlikely,Somewhat likely,Neither likely nor unlikely,Neither likely nor unlikely,Somewhat likely,Somewhat likely,Extremely likely,Extremely likely,Somewhat likely,Somewhat likely,Somewhat likely,Extremely likely,Somewhat likely,Somewhat likely,Somewhat likely,Extremely likely,Neither likely nor unlikely,Desirable,Desirable,A moderate amount,A moderate amount,Advance the state of research and innovation,"It's prestigious to do so "
2025-09-11 13:30:25,2025-09-11 13:56:28,IP Address,100,1563,True,2025-09-11 13:56:29,R_2LjkyoSvtezWBLX,email,EN,1,"I confirm that I am 18 years of age or older,I confirm that I have read and understand the information sheet for the above project,I understand that my participation is voluntary and that I am free to withdraw at any time during the survey without giving any reason,I have been informed about how the data will be used and stored",46,Female,Aarhus University,Assistant Professor,7,25,Somewhat unlikely,Somewhat likely,Somewhat agree,Anonymity can not be guaranteed if the data is shared,Strongly disagree,Neither agree nor disagree,Strongly disagree,Disagree,Disagree,Strongly disagree,Strongly disagree,Strongly disagree,Strongly disagree,Strongly disagree,Somewhat agree,Strongly disagree,Disagree,Disagree,Strongly disagree,"OSF, ResearchBox",Disagree,Disagree,Somewhat disagree,Disagree,Disagree,Disagree,Strongly disagree,Strongly disagree,Somewhat disagree,Strongly disagree,Strongly disagree,Somewhat agree,Somewhat likely,Somewhat likely,Somewhat likely,Somewhat likely,Somewhat likely,Somewhat likely,Somewhat likely,Somewhat likely,Somewhat likely,Somewhat likely,Extremely likely,Extremely likely,Somewhat likely,Somewhat likely,Somewhat likely,Somewhat likely,Extremely likely,Extremely likely,Somewhat likely,Somewhat likely,Somewhat likely,Somewhat likely,Very Desirable,Desirable,A great deal,A great deal,Make results of publicly funded research available to the public,"Guide researchers at all stages in formulating consent forms that make data sharing ethical. "
2025-09-11 16:37:09,2025-09-11 16:46:35,IP Address,100,565,True,2025-09-11 16:46:35,R_2R536VQS18he3f3,email,EN,1,"I confirm that I am 18 years of age or older,I confirm that I have read and understand the information sheet for the above project,I understand that my participation is voluntary and that I am free to withdraw at any time during the survey without giving any reason,I have been informed about how the data will be used and stored",44,Male,Kent,Associate Professor / Reader,15,20,Somewhat likely,Somewhat likely,Neither agree nor disagree,Other (there will be an option to offer reasons for other reasons later),Somewhat agree,Agree,Strongly disagree,Somewhat disagree,Somewhat disagree,Disagree,Somewhat agree,Somewhat agree,Strongly disagree,Strongly disagree,Somewhat disagree,Disagree,Somewhat agree,Disagree,Strongly disagree,OSF,Agree,Somewhat agree,Somewhat agree,Somewhat disagree,Neither agree nor disagree,Disagree,Somewhat disagree,Neither agree nor disagree,Neither agree nor disagree,Somewhat disagree,Somewhat disagree,Strongly disagree,Extremely likely,Extremely likely,Extremely likely,Extremely likely,Extremely likely,Somewhat likely,Extremely likely,Extremely unlikely,Extremely unlikely,Neither likely nor unlikely,Somewhat likely,Neither likely nor unlikely,Extremely likely,Extremely likely,Extremely likely,Extremely likely,Extremely likely,Extremely likely,Neither likely nor unlikely,Somewhat likely,Somewhat likely,Extremely likely,Very Desirable,Desirable,A great deal,A lot,Enable other researchers to ask new questions of extant data,
2025-09-11 22:57:52,2025-09-11 23:18:06,IP Address,100,1214,True,2025-09-11 23:18:07,R_8dFbOY1a3Jzlz8s,email,EN,1,"I confirm that I am 18 years of age or older,I confirm that I have read and understand the information sheet for the above project,I understand that my participation is voluntary and that I am free to withdraw at any time during the survey without giving any reason,I have been informed about how the data will be used and stored",42,Male,Aristotle university of Thessaloniki,Post Doc,16,30,Extremely unlikely,Extremely unlikely,Somewhat agree,,Strongly disagree,Disagree,Disagree,Strongly disagree,Disagree,Disagree,Disagree,Disagree,Disagree,Somewhat agree,Somewhat disagree,Strongly disagree,Neither agree nor disagree,Disagree,Disagree,"zenodo, mendeley",Disagree,Neither agree nor disagree,Somewhat agree,Strongly disagree,Somewhat disagree,Neither agree nor disagree,Strongly disagree,Strongly disagree,Strongly disagree,Strongly disagree,Strongly disagree,Strongly disagree,Extremely likely,Extremely likely,Extremely likely,Extremely likely,Extremely likely,Extremely likely,Extremely likely,Extremely likely,Extremely likely,Somewhat likely,Somewhat likely,Extremely likely,Extremely likely,Extremely likely,Extremely likely,Extremely likely,Extremely likely,Extremely likely,Extremely likely,Extremely likely,Extremely likely,Extremely likely,Desirable,Neutral,A moderate amount,A little,Enable other researchers to ask new questions of extant data,"By making it a prerequisite for publishing "
2025-09-12 09:01:43,2025-09-12 09:08:31,IP Address,100,407,True,2025-09-12 09:08:32,R_2SvN8eD2sq5l4Bz,email,EN,1,"I confirm that I am 18 years of age or older,I confirm that I have read and understand the information sheet for the above project,I understand that my participation is voluntary and that I am free to withdraw at any time during the survey without giving any reason,I have been informed about how the data will be used and stored",48,Female,,Associate Professor / Reader,20,80,Extremely likely,Extremely likely,Strongly agree,"Stakeholder (e.g. company or institution) interests prohibit data from being shared,Copyright issues",Strongly disagree,Neither agree nor disagree,Neither agree nor disagree,Strongly disagree,Strongly disagree,Strongly disagree,Somewhat agree,Somewhat agree,Somewhat agree,Strongly disagree,Strongly disagree,Strongly disagree,Strongly disagree,Strongly disagree,Strongly disagree,,Somewhat agree,Somewhat agree,Somewhat agree,Somewhat agree,Somewhat agree,Somewhat agree,Somewhat agree,Neither agree nor disagree,Neither agree nor disagree,Somewhat agree,Neither agree nor disagree,Neither agree nor disagree,Extremely likely,Extremely likely,Extremely likely,Extremely likely,Extremely likely,Extremely likely,Extremely likely,Extremely likely,Extremely likely,Extremely likely,Extremely likely,Extremely likely,Extremely likely,Extremely likely,Extremely likely,Extremely likely,Extremely likely,Extremely likely,Extremely likely,Extremely likely,Extremely likely,Extremely likely,Very Desirable,Very Desirable,A great deal,A great deal,Enable other researchers to ask new questions of extant data,
2025-09-13 08:06:33,2025-09-13 08:29:59,IP Address,100,1406,True,2025-09-13 08:29:59,R_88GHzIdBLu5lX4Y,email,EN,1,"I confirm that I am 18 years of age or older,I confirm that I have read and understand the information sheet for the above project,I understand that my participation is voluntary and that I am free to withdraw at any time during the survey without giving any reason,I have been informed about how the data will be used and stored",53,Female,,PhD Student,6,1,Extremely likely,Extremely likely,Strongly disagree,,Strongly disagree,Strongly disagree,Strongly disagree,Strongly disagree,Strongly disagree,Disagree,Strongly disagree,Strongly disagree,Strongly disagree,Strongly disagree,Somewhat agree,Strongly disagree,Neither agree nor disagree,Disagree,Strongly disagree,"OSF, White Rose,UK Data Archive",Somewhat agree,Somewhat agree,Somewhat agree,Somewhat agree,Somewhat agree,Somewhat agree,Somewhat disagree,Somewhat disagree,Somewhat agree,Neither agree nor disagree,Neither agree nor disagree,Somewhat disagree,Extremely likely,Extremely likely,Extremely likely,Extremely likely,Extremely likely,Extremely likely,Extremely likely,Extremely likely,Extremely likely,Extremely likely,Extremely likely,Extremely likely,Extremely likely,Extremely likely,Extremely likely,Extremely likely,Extremely likely,Extremely likely,Extremely likely,Extremely likely,Extremely likely,Extremely likely,Very Desirable,Very Desirable,A great deal,A moderate amount,Advance the state of research and innovation,"Perhaps for institutions and journals to encourage (or require) it so that it becomes common practice, rather than optional. If authors were to gain recognition that might also encourage more to share."
2025-09-13 09:32:41,2025-09-13 09:53:35,IP Address,100,1253,True,2025-09-13 09:53:36,R_8OZvz35RmysAxuE,email,EN,0.8999999761581421,"I confirm that I am 18 years of age or older,I confirm that I have read and understand the information sheet for the above project,I understand that my participation is voluntary and that I am free to withdraw at any time during the survey without giving any reason,I have been informed about how the data will be used and stored",50,Female,,Assistant Professor,11,0,Somewhat likely,Extremely likely,Somewhat disagree,The consent form states that data will not be shared,Somewhat disagree,Agree,Disagree,Strongly disagree,Disagree,Neither agree nor disagree,Agree,Agree,Agree,Strongly disagree,Somewhat disagree,Strongly disagree,Strongly agree,Agree,Strongly disagree,"Zenodo, Mendeley Data, Figshare",Agree,Neither agree nor disagree,Disagree,Strongly agree,Agree,Somewhat agree,Somewhat agree,Somewhat disagree,Somewhat disagree,Strongly agree,Neither agree nor disagree,Strongly agree,Somewhat likely,Somewhat likely,Somewhat likely,Extremely likely,Extremely likely,Extremely likely,Extremely likely,Extremely likely,Neither likely nor unlikely,Extremely likely,Extremely likely,Extremely likely,Extremely likely,Extremely likely,Neither likely nor unlikely,Somewhat likely,Extremely likely,Extremely likely,Somewhat likely,Extremely likely,Neither likely nor unlikely,Somewhat likely,Very Desirable,Neutral,A lot,A little,Enable other researchers to ask new questions of extant data,"To create incentives, such as the use citations, DOIs, or contributor acknowledgments so data sharers get credit like authors of papers do; the use of strong anonymization, encryption, and access controls to prevent misuse; to help researchers and organizations learn best practices for cleaning, documenting, and publishing data. "
2025-09-14 07:58:09,2025-09-14 08:03:36,IP Address,100,327,True,2025-09-14 08:03:37,R_8lspQg52u3YVzoL,email,EN,0.8999999761581421,"I confirm that I am 18 years of age or older,I confirm that I have read and understand the information sheet for the above project,I understand that my participation is voluntary and that I am free to withdraw at any time during the survey without giving any reason,I have been informed about how the data will be used and stored",38,Female,Goldsmiths,Associate Professor / Reader,6,40,Neither likely nor unlikely,Somewhat unlikely,Strongly disagree,Other (there will be an option to offer reasons for other reasons later),Somewhat agree,Agree,Strongly agree,Disagree,Somewhat disagree,Strongly disagree,Agree,Agree,Somewhat agree,Strongly agree,Agree,Somewhat disagree,Somewhat agree,Disagree,Agree,"Github, OSF",Somewhat disagree,Somewhat agree,Strongly agree,Strongly agree,Agree,Somewhat agree,Somewhat disagree,Somewhat agree,Somewhat agree,Strongly agree,Somewhat agree,Somewhat agree,Somewhat likely,Somewhat likely,Somewhat likely,Somewhat likely,Extremely likely,Extremely likely,Extremely likely,Somewhat unlikely,Somewhat unlikely,Somewhat likely,Somewhat unlikely,Somewhat likely,Extremely likely,Somewhat likely,Extremely likely,Somewhat likely,Extremely likely,Somewhat likely,Somewhat likely,Extremely likely,Extremely likely,Extremely likely,Very Desirable,Desirable,A lot,A little,The ability to reproduce or verify research,
2025-09-15 02:25:01,2025-09-15 02:45:27,IP Address,100,1225,True,2025-09-15 02:45:27,R_8jSt0gWux7IZH1C,email,EN,0.8999999761581421,"I confirm that I am 18 years of age or older,I confirm that I have read and understand the information sheet for the above project,I understand that my participation is voluntary and that I am free to withdraw at any time during the survey without giving any reason,I have been informed about how the data will be used and stored",29,Male,,PhD Student,6,0,Somewhat likely,Somewhat likely,Neither agree nor disagree,The consent form states that data will not be shared,Strongly disagree,Somewhat disagree,Strongly disagree,Strongly disagree,Strongly disagree,Somewhat agree,Strongly disagree,Disagree,Disagree,Agree,Somewhat agree,Somewhat agree,Neither agree nor disagree,Strongly disagree,Somewhat agree,Zenodo,Somewhat agree,Neither agree nor disagree,Somewhat agree,Somewhat agree,Somewhat agree,Agree,Somewhat disagree,Somewhat disagree,Somewhat agree,Somewhat disagree,Neither agree nor disagree,Somewhat disagree,Somewhat likely,Extremely likely,Neither likely nor unlikely,Somewhat likely,Extremely likely,Extremely likely,Somewhat likely,Extremely likely,Neither likely nor unlikely,Neither likely nor unlikely,Somewhat likely,Somewhat likely,Extremely likely,Extremely likely,Extremely likely,Somewhat likely,Extremely likely,Somewhat likely,Somewhat likely,Somewhat likely,Extremely likely,Somewhat likely,Very Desirable,Desirable,A lot,A little,Enable other researchers to ask new questions of extant data,
2025-09-15 07:13:26,2025-09-15 07:32:22,IP Address,100,1136,True,2025-09-15 07:32:23,R_3Okpbg7E2eIniHo,email,EN,1,"I confirm that I am 18 years of age or older,I confirm that I have read and understand the information sheet for the above project,I understand that my participation is voluntary and that I am free to withdraw at any time during the survey without giving any reason,I have been informed about how the data will be used and stored",29,Male,McMaster University,PhD Student,6,2,Extremely likely,Extremely likely,Somewhat disagree,Copyright issues,Strongly disagree,Strongly disagree,Strongly disagree,Strongly disagree,Strongly disagree,Strongly disagree,Strongly disagree,Strongly disagree,Strongly disagree,Strongly disagree,Strongly agree,Strongly disagree,Strongly disagree,Strongly disagree,Somewhat agree,"I understand this question to be asking about where data can be openly shared, as opposed to specific repositories containing research projects. I have generally seen projects hosted on OSF, Github, and Gitlab. ",Somewhat agree,Somewhat agree,Somewhat agree,Somewhat agree,Somewhat agree,Somewhat agree,Strongly disagree,Strongly disagree,Somewhat agree,Strongly disagree,Strongly disagree,Strongly disagree,Extremely likely,Extremely likely,Extremely likely,Extremely likely,Extremely likely,Extremely likely,Extremely likely,Extremely likely,Extremely likely,Extremely likely,Extremely likely,Extremely likely,Extremely likely,Extremely likely,Extremely likely,Somewhat likely,Extremely likely,Somewhat likely,Extremely likely,Extremely likely,Extremely likely,Extremely likely,Very Desirable,Very Desirable,A great deal,A great deal,Enable other researchers to ask new questions of extant data,"I believe the best way of promoting data sharing is to provide educational resources on open science practices, along with guidelines on how to share open data. I also believe if institutions promoted open data sharing, we would be likely to see more of it."
2025-09-16 20:11:27,2025-09-16 20:21:34,IP Address,100,607,True,2025-09-16 20:21:35,R_4q2eySOnbhGeubV,email,EN,0.8999999761581421,"I confirm that I am 18 years of age or older,I confirm that I have read and understand the information sheet for the above project,I understand that my participation is voluntary and that I am free to withdraw at any time during the survey without giving any reason,I have been informed about how the data will be used and stored",61,Female,Monash University,Other,13,10,Neither likely nor unlikely,Somewhat unlikely,Neither agree nor disagree,Copyright issues,Somewhat agree,Agree,Somewhat disagree,Neither agree nor disagree,Neither agree nor disagree,Disagree,Somewhat agree,Agree,Agree,Neither agree nor disagree,Neither agree nor disagree,Neither agree nor disagree,Somewhat agree,Neither agree nor disagree,Neither agree nor disagree,,Agree,Agree,Agree,Agree,Agree,Agree,Strongly agree,Somewhat agree,Somewhat agree,Somewhat agree,Somewhat agree,Somewhat agree,Somewhat unlikely,Neither likely nor unlikely,Neither likely nor unlikely,Neither likely nor unlikely,Somewhat likely,Somewhat likely,Somewhat likely,Somewhat likely,Somewhat likely,Somewhat likely,Somewhat likely,Somewhat likely,Somewhat likely,Somewhat likely,Somewhat likely,Somewhat likely,Somewhat likely,Somewhat likely,Somewhat likely,Extremely likely,Somewhat likely,Neither likely nor unlikely,Neutral,Neutral,A moderate amount,A moderate amount,Enable other researchers to ask new questions of extant data,
2025-09-11 02:59:08,2025-09-11 03:02:10,IP Address,56,182,False,2025-09-18 03:02:12,R_8MQJRshbmpSMwGe,email,EN,1,"I confirm that I am 18 years of age or older,I confirm that I have read and understand the information sheet for the above project,I understand that my participation is voluntary and that I am free to withdraw at any time during the survey without giving any reason,I have been informed about how the data will be used and stored",66,Male,University of Roehampton,Professor,18,0,Extremely likely,Neither likely nor unlikely,Neither agree nor disagree,The consent form states that data will not be shared,,,,,,,,,,,,,,,,,,,,,,,,,,,,,,,,,,,,,,,,,,,,,,,,,,,,,,,,
2025-09-18 03:48:56,2025-09-18 03:55:28,IP Address,100,392,True,2025-09-18 03:55:28,R_4pnUN5LhkHOWNPl,email,EN,1,"I confirm that I am 18 years of age or older,I confirm that I have read and understand the information sheet for the above project,I understand that my participation is voluntary and that I am free to withdraw at any time during the survey without giving any reason,I have been informed about how the data will be used and stored",43,Female,,Assistant Professor,10,10,Somewhat likely,Somewhat likely,Somewhat agree,"My Institutional Review Board does not allow me to share my data,The consent form states that data will not be shared",Disagree,Disagree,Disagree,Somewhat disagree,Somewhat disagree,Disagree,Neither agree nor disagree,Neither agree nor disagree,Neither agree nor disagree,Neither agree nor disagree,Somewhat agree,Disagree,Neither agree nor disagree,Neither agree nor disagree,Disagree,"osf, arxiv, github, uni-specific repositories",Agree,Agree,Agree,Neither agree nor disagree,Disagree,Neither agree nor disagree,Neither agree nor disagree,Somewhat agree,Somewhat agree,Somewhat disagree,Somewhat disagree,Somewhat disagree,Extremely likely,Extremely likely,Extremely likely,Extremely likely,Extremely likely,Extremely likely,Extremely likely,Extremely likely,Extremely likely,Extremely likely,Extremely likely,Extremely likely,Extremely likely,Extremely likely,Somewhat likely,Somewhat likely,Somewhat likely,Somewhat likely,Somewhat likely,Somewhat likely,Extremely likely,Extremely likely,Desirable,Desirable,A great deal,A moderate amount,Enable other researchers to ask new questions of extant data,"while there are guidelines floating about and multiple ways, i think that's actually a detriment to large-scale adoption."
2025-09-11 06:08:12,2025-09-11 06:13:05,IP Address,56,293,False,2025-09-18 06:13:07,R_9DZ0FIsaLpMH10B,email,EN,1,"I confirm that I am 18 years of age or older,I confirm that I have read and understand the information sheet for the above project,I understand that my participation is voluntary and that I am free to withdraw at any time during the survey without giving any reason,I have been informed about how the data will be used and stored",67,Female,The University of Melbourne,Other,5,0,Neither likely nor unlikely,Neither likely nor unlikely,Somewhat agree,Anonymity can not be guaranteed if the data is shared,,,,,,,,,,,,,,,,,,,,,,,,,,,,,,,,,,,,,,,,,,,,,,,,,,,,,,,,
2025-09-11 02:58:12,2025-09-11 06:36:57,IP Address,32,13125,False,2025-09-18 06:36:58,R_399Qnj2I45dHsdJ,email,EN,0.8999999761581421,"I confirm that I am 18 years of age or older,I confirm that I have read and understand the information sheet for the above project,I understand that my participation is voluntary and that I am free to withdraw at any time during the survey without giving any reason,I have been informed about how the data will be used and stored",48,Female,,Other,14,,,,,,,,,,,,,,,,,,,,,,,,,,,,,,,,,,,,,,,,,,,,,,,,,,,,,,,,,,,,,
2025-09-11 09:41:32,2025-09-11 09:45:19,IP Address,32,227,False,2025-09-18 09:45:22,R_60qn2PAwJZETlp2,email,EN,1,"I confirm that I am 18 years of age or older,I confirm that I have read and understand the information sheet for the above project,I understand that my participation is voluntary and that I am free to withdraw at any time during the survey without giving any reason,I have been informed about how the data will be used and stored",88,Male,"ODTÜ Ankara, affiliated faculty",Other,60,,,,,,,,,,,,,,,,,,,,,,,,,,,,,,,,,,,,,,,,,,,,,,,,,,,,,,,,,,,,,
2025-09-11 06:27:16,2025-09-11 18:21:23,IP Address,8,42847,False,2025-09-18 18:21:28,R_3h0mKSmCFvkXwqn,email,EN,1,"I confirm that I am 18 years of age or older,I confirm that I have read and understand the information sheet for the above project,I understand that my participation is voluntary and that I am free to withdraw at any time during the survey without giving any reason,I have been informed about how the data will be used and stored",,,,,,,,,,,,,,,,,,,,,,,,,,,,,,,,,,,,,,,,,,,,,,,,,,,,,,,,,,,,,,,,,,
2025-09-19 07:08:31,2025-09-19 07:20:42,IP Address,100,730,True,2025-09-19 07:20:42,R_8rIq4JUJHQHurIf,email,EN,0.800000011920929,"I confirm that I am 18 years of age or older,I confirm that I have read and understand the information sheet for the above project,I understand that my participation is voluntary and that I am free to withdraw at any time during the survey without giving any reason,I have been informed about how the data will be used and stored",38,Male,"Friedrich-Alexander-Universität Erlangen-Nürnberg, Germany",Post Doc,10,2,Somewhat likely,Somewhat likely,Neither agree nor disagree,,Disagree,Somewhat agree,Disagree,Disagree,Neither agree nor disagree,Neither agree nor disagree,Somewhat disagree,Disagree,Disagree,Somewhat agree,Somewhat agree,Disagree,Agree,Strongly disagree,Disagree,"OSF, Forschungsdaten Bildung, Open Data Repository",Somewhat agree,Somewhat agree,Agree,Somewhat agree,Somewhat agree,Somewhat agree,Neither agree nor disagree,Somewhat disagree,Somewhat agree,Somewhat disagree,Somewhat disagree,Somewhat agree,Extremely likely,Somewhat likely,Somewhat likely,Extremely likely,Extremely likely,Somewhat likely,Extremely likely,Extremely likely,Neither likely nor unlikely,Somewhat likely,Somewhat likely,Neither likely nor unlikely,Somewhat likely,Somewhat likely,Extremely likely,Extremely likely,Somewhat likely,Somewhat likely,Somewhat likely,Somewhat likely,Extremely likely,,Desirable,Neutral,A lot,A moderate amount,The ability to reproduce or verify research,
2025-09-19 07:22:54,2025-09-19 07:32:20,IP Address,100,565,True,2025-09-19 07:32:20,R_7dLe39XWMJRm4rp,email,EN,0.800000011920929,"I confirm that I am 18 years of age or older,I confirm that I have read and understand the information sheet for the above project,I understand that my participation is voluntary and that I am free to withdraw at any time during the survey without giving any reason,I have been informed about how the data will be used and stored",27,Male,Fordham University,PhD Student,4,75,Extremely likely,Extremely likely,Strongly disagree,,Disagree,Disagree,Strongly disagree,Disagree,Disagree,Disagree,Strongly disagree,Strongly disagree,Strongly disagree,Agree,Somewhat agree,Strongly disagree,Disagree,Strongly disagree,Strongly disagree,"OSF, Github",Somewhat disagree,Somewhat agree,Agree,Strongly agree,Somewhat disagree,Somewhat agree,Strongly disagree,Somewhat disagree,Somewhat disagree,Strongly disagree,Somewhat disagree,Neither agree nor disagree,Extremely likely,Extremely likely,Extremely likely,Neither likely nor unlikely,Neither likely nor unlikely,Neither likely nor unlikely,Neither likely nor unlikely,Somewhat likely,Somewhat likely,Neither likely nor unlikely,Extremely likely,Neither likely nor unlikely,Extremely likely,Extremely likely,Extremely likely,Extremely likely,Extremely likely,Extremely likely,Somewhat likely,Neither likely nor unlikely,Somewhat likely,Somewhat likely,Neutral,Very Desirable,A great deal,A great deal,The ability to reproduce or verify research,"Offering training in data sharing, as well as providing researchers with good data management practices."
2025-09-19 07:46:13,2025-09-19 07:56:09,IP Address,100,596,True,2025-09-19 07:56:10,R_1MM1nvwpuUT1rMt,email,EN,0.8999999761581421,"I confirm that I am 18 years of age or older,I confirm that I have read and understand the information sheet for the above project,I understand that my participation is voluntary and that I am free to withdraw at any time during the survey without giving any reason,I have been informed about how the data will be used and stored",46,Male,Youngstown State University,Associate Professor / Reader,11,0,Neither likely nor unlikely,Neither likely nor unlikely,Somewhat disagree,Other (there will be an option to offer reasons for other reasons later),Somewhat disagree,Agree,Somewhat agree,Neither agree nor disagree,Somewhat agree,Neither agree nor disagree,Somewhat disagree,Somewhat disagree,Somewhat disagree,Strongly agree,Somewhat agree,Disagree,Somewhat agree,Somewhat agree,Somewhat disagree,"I don't know any online data repositories. I've hear of this, but I have not been asked to share this data yet.",Somewhat agree,Somewhat agree,Somewhat agree,Agree,Somewhat agree,Somewhat agree,Somewhat agree,Somewhat agree,Neither agree nor disagree,Neither agree nor disagree,Neither agree nor disagree,Neither agree nor disagree,Somewhat likely,Somewhat likely,Somewhat likely,Somewhat likely,Somewhat likely,Somewhat likely,Somewhat likely,Extremely likely,Somewhat likely,Somewhat likely,Neither likely nor unlikely,Neither likely nor unlikely,Extremely likely,Somewhat likely,Extremely likely,Somewhat likely,Extremely likely,Somewhat likely,Somewhat likely,Extremely likely,Extremely likely,Somewhat likely,Undesirable,Very Undesirable,None at all,None at all,Advance the state of research and innovation,Educating researchers on data sharing.
2025-09-19 08:00:52,2025-09-19 08:07:25,IP Address,100,392,True,2025-09-19 08:07:25,R_6cbRovfc5wqFMSB,email,EN,1,"I confirm that I am 18 years of age or older,I confirm that I have read and understand the information sheet for the above project,I understand that my participation is voluntary and that I am free to withdraw at any time during the survey without giving any reason,I have been informed about how the data will be used and stored",41,Male,,Associate Professor / Reader,17,0,Neither likely nor unlikely,Somewhat likely,Neither agree nor disagree,"My Institutional Review Board does not allow me to share my data,The consent form states that data will not be shared,Copyright issues",Strongly agree,Agree,Neither agree nor disagree,Disagree,Disagree,Disagree,Somewhat agree,Somewhat agree,Somewhat agree,Agree,Agree,Disagree,Strongly agree,Disagree,Disagree,OSF,Agree,Agree,Somewhat agree,Somewhat disagree,Agree,Agree,Somewhat agree,Somewhat agree,Somewhat disagree,Somewhat agree,Somewhat agree,Somewhat agree,Somewhat likely,Somewhat likely,Somewhat likely,Neither likely nor unlikely,Somewhat likely,Extremely likely,Extremely likely,Somewhat likely,Somewhat likely,Extremely likely,Somewhat likely,Extremely likely,Extremely likely,Somewhat likely,Somewhat likely,Neither likely nor unlikely,Somewhat likely,Somewhat likely,Somewhat likely,Extremely likely,Extremely likely,Extremely likely,Desirable,Desirable,A moderate amount,A moderate amount,Enable other researchers to ask new questions of extant data,"Incentivize it financially. Require primary source citations and/or co-authorship. Educate researchers on the importance of data sharing. Make it easy (""frictionless"") to do."
2025-09-19 08:03:52,2025-09-19 08:10:09,IP Address,100,376,True,2025-09-19 08:10:10,R_7uV9JSFSJQOd482,email,EN,1,"I confirm that I am 18 years of age or older,I confirm that I have read and understand the information sheet for the above project,I understand that my participation is voluntary and that I am free to withdraw at any time during the survey without giving any reason,I have been informed about how the data will be used and stored",40,Male,,Assistant Professor,10,25,Extremely likely,Somewhat likely,Strongly disagree,,Somewhat agree,Somewhat agree,Neither agree nor disagree,Strongly disagree,Neither agree nor disagree,Agree,Disagree,Disagree,Disagree,Agree,Somewhat agree,Strongly disagree,Agree,Neither agree nor disagree,Strongly disagree,,Somewhat agree,Agree,Strongly agree,Somewhat agree,Somewhat agree,Neither agree nor disagree,Neither agree nor disagree,Somewhat agree,Somewhat agree,Somewhat agree,Somewhat agree,Strongly disagree,Somewhat likely,Somewhat likely,Neither likely nor unlikely,Neither likely nor unlikely,Neither likely nor unlikely,Neither likely nor unlikely,Somewhat likely,Somewhat likely,Somewhat likely,Somewhat likely,Extremely likely,Neither likely nor unlikely,Extremely likely,Extremely likely,Extremely likely,Somewhat likely,Extremely likely,Somewhat likely,Somewhat likely,Neither likely nor unlikely,Neither likely nor unlikely,Somewhat likely,Desirable,Neutral,A moderate amount,None at all,The ability to reproduce or verify research,
2025-09-19 08:23:26,2025-09-19 08:28:39,IP Address,100,312,True,2025-09-19 08:28:39,R_5z6GuSS9MN0zbl7,email,EN,1,"I confirm that I am 18 years of age or older,I confirm that I have read and understand the information sheet for the above project,I understand that my participation is voluntary and that I am free to withdraw at any time during the survey without giving any reason,I have been informed about how the data will be used and stored",24,Female,,PhD Student,2,50,Extremely likely,Extremely likely,Strongly disagree,,Strongly disagree,Strongly disagree,Disagree,Strongly disagree,Strongly disagree,Strongly disagree,Somewhat agree,Strongly disagree,Strongly disagree,Strongly disagree,Somewhat disagree,Neither agree nor disagree,Somewhat agree,Strongly disagree,Strongly disagree,,Somewhat agree,Strongly agree,Strongly agree,Somewhat agree,Somewhat agree,Somewhat disagree,Somewhat disagree,Strongly agree,Strongly agree,Neither agree nor disagree,Somewhat disagree,Somewhat disagree,Extremely likely,Extremely likely,Extremely likely,Extremely likely,Extremely likely,Extremely likely,Extremely likely,Extremely likely,Extremely likely,Extremely likely,Extremely likely,Extremely likely,Extremely likely,Extremely likely,Extremely likely,Extremely likely,Extremely likely,Extremely likely,Extremely likely,Extremely likely,Extremely likely,Extremely likely,Desirable,Desirable,A little,A little,Enable other researchers to ask new questions of extant data,
2025-09-19 10:45:13,2025-09-19 10:55:11,IP Address,100,597,True,2025-09-19 10:55:11,R_23l5YBHHxd3l1pX,email,EN,0.8999999761581421,"I confirm that I am 18 years of age or older,I confirm that I have read and understand the information sheet for the above project,I understand that my participation is voluntary and that I am free to withdraw at any time during the survey without giving any reason,I have been informed about how the data will be used and stored",53,Female,"Lucerne ",Professor,12,10,Somewhat likely,Somewhat likely,Neither agree nor disagree,Anonymity can not be guaranteed if the data is shared,Somewhat agree,Somewhat agree,Disagree,Somewhat disagree,Somewhat agree,Disagree,Neither agree nor disagree,Neither agree nor disagree,Neither agree nor disagree,Somewhat agree,Neither agree nor disagree,Neither agree nor disagree,Somewhat agree,Strongly disagree,Somewhat disagree,"I only use the Open Science Framework. ",Neither agree nor disagree,Agree,Agree,Neither agree nor disagree,Somewhat agree,Neither agree nor disagree,Somewhat disagree,Somewhat agree,Somewhat agree,Neither agree nor disagree,Somewhat agree,Neither agree nor disagree,Somewhat likely,Somewhat likely,Somewhat likely,Somewhat likely,Extremely likely,Neither likely nor unlikely,Somewhat likely,Somewhat likely,Neither likely nor unlikely,Neither likely nor unlikely,Somewhat likely,Extremely likely,Somewhat likely,Somewhat likely,Extremely likely,Somewhat likely,Extremely likely,Somewhat likely,Somewhat likely,Neither likely nor unlikely,Extremely likely,Extremely likely,Very Desirable,Desirable,A lot,A little,Enable other researchers to ask new questions of extant data,"Make the use of the data dependent as per one of your items "
2025-09-19 10:54:45,2025-09-19 11:02:45,IP Address,100,480,True,2025-09-19 11:02:45,R_2C3OqSMqkUFc0Xn,email,EN,0.8999999761581421,"I confirm that I am 18 years of age or older,I confirm that I have read and understand the information sheet for the above project,I understand that my participation is voluntary and that I am free to withdraw at any time during the survey without giving any reason,I have been informed about how the data will be used and stored",70+,Male,,Professor,30,3,Neither likely nor unlikely,Neither likely nor unlikely,Somewhat disagree,"The consent form states that data will not be shared,Anonymity can not be guaranteed if the data is shared",Neither agree nor disagree,Somewhat agree,Neither agree nor disagree,Neither agree nor disagree,Neither agree nor disagree,Somewhat disagree,Neither agree nor disagree,Neither agree nor disagree,Neither agree nor disagree,Somewhat disagree,Neither agree nor disagree,Disagree,Disagree,Disagree,Neither agree nor disagree,I have used the funding councils repositories in the past for this task.,Somewhat agree,Somewhat agree,Neither agree nor disagree,Neither agree nor disagree,Somewhat agree,Somewhat agree,Somewhat agree,Neither agree nor disagree,Neither agree nor disagree,Neither agree nor disagree,Somewhat agree,Somewhat agree,Somewhat unlikely,Somewhat unlikely,Neither likely nor unlikely,Neither likely nor unlikely,Neither likely nor unlikely,Neither likely nor unlikely,Neither likely nor unlikely,Neither likely nor unlikely,Neither likely nor unlikely,Neither likely nor unlikely,Neither likely nor unlikely,Neither likely nor unlikely,Extremely likely,Somewhat likely,Extremely likely,Somewhat likely,Somewhat likely,Somewhat likely,Neither likely nor unlikely,Neither likely nor unlikely,Neither likely nor unlikely,Neither likely nor unlikely,Neutral,Neutral,A moderate amount,A little,Advance the state of research and innovation,With an explicit code of practice and funder expectation
2025-09-20 04:16:03,2025-09-20 04:47:37,IP Address,100,1894,True,2025-09-20 04:47:37,R_8e2O5xd4uZORgNs,email,EN,1,"I confirm that I am 18 years of age or older,I confirm that I have read and understand the information sheet for the above project,I understand that my participation is voluntary and that I am free to withdraw at any time during the survey without giving any reason,I have been informed about how the data will be used and stored",57,Female,"For 22 yrs I was at Bogazici University, Istanbul (till Dec. 2024) ",Associate Professor / Reader,28,80,Extremely likely,Extremely likely,Strongly disagree,,Strongly disagree,Disagree,Strongly disagree,Strongly disagree,Strongly disagree,Strongly disagree,Strongly disagree,Strongly disagree,Strongly disagree,Disagree,Neither agree nor disagree,Strongly disagree,Strongly disagree,Strongly disagree,Strongly disagree,osf,Agree,Agree,Agree,Agree,Disagree,Somewhat agree,Strongly disagree,Strongly disagree,Strongly disagree,Strongly disagree,Strongly disagree,Somewhat disagree,Extremely likely,Extremely likely,Extremely likely,Extremely likely,Extremely likely,Extremely likely,Extremely likely,Extremely likely,Extremely likely,Extremely likely,Extremely likely,Somewhat unlikely,Extremely likely,Extremely likely,Extremely likely,Extremely likely,Extremely likely,Extremely likely,Extremely likely,Extremely likely,Extremely likely,Extremely likely,Neutral,Neutral,A great deal,A great deal,The ability to reproduce or verify research,"A scientific climate of cooperation, not competition.  "
2025-09-20 12:28:07,2025-09-20 12:41:51,IP Address,100,823,True,2025-09-20 12:41:51,R_7CWa8WmM7St3na2,email,EN,1,"I confirm that I am 18 years of age or older,I confirm that I have read and understand the information sheet for the above project,I understand that my participation is voluntary and that I am free to withdraw at any time during the survey without giving any reason,I have been informed about how the data will be used and stored",> 18,Male,,Professor,48,8,Extremely likely,Extremely likely,Strongly disagree,,Strongly disagree,Somewhat disagree,,Strongly disagree,Strongly disagree,Strongly disagree,Strongly disagree,Strongly disagree,Strongly disagree,Strongly disagree,Strongly disagree,Strongly disagree,Agree,Strongly disagree,Strongly disagree,"ICPSROpen, Harvard Dataverse",Neither agree nor disagree,Somewhat agree,Neither agree nor disagree,Strongly agree,Somewhat agree,Somewhat agree,Somewhat agree,Neither agree nor disagree,Neither agree nor disagree,Somewhat agree,Somewhat agree,Neither agree nor disagree,Extremely likely,Extremely likely,Extremely likely,Extremely likely,Extremely likely,Neither likely nor unlikely,Extremely likely,Neither likely nor unlikely,Neither likely nor unlikely,Extremely likely,Extremely likely,Extremely likely,Extremely likely,Extremely likely,Extremely likely,Extremely likely,Extremely likely,Extremely likely,Extremely likely,Extremely likely,Extremely likely,Extremely likely,Very Desirable,Desirable,A lot,A little,Advance the state of research and innovation,publicize success stories that involve data sharing maybe at dedicated sessions on data sharing at conferences
2025-09-20 13:45:59,2025-09-20 14:02:58,IP Address,100,1019,True,2025-09-20 14:02:59,R_7fYGLKLrWaepiCZ,email,EN,0.8999999761581421,"I confirm that I am 18 years of age or older,I confirm that I have read and understand the information sheet for the above project,I understand that my participation is voluntary and that I am free to withdraw at any time during the survey without giving any reason,I have been informed about how the data will be used and stored",50,Female,Universidad Nacional Autónoma de México,Associate Professor / Reader,25,10,Extremely likely,Extremely likely,Strongly disagree,,Somewhat agree,Somewhat agree,Strongly disagree,Disagree,Somewhat agree,Strongly disagree,Somewhat agree,Agree,Somewhat agree,Disagree,Strongly disagree,Strongly disagree,Somewhat agree,Neither agree nor disagree,Disagree,"OSF, github",Strongly agree,Strongly agree,Strongly agree,Strongly agree,Strongly agree,Somewhat agree,Somewhat agree,Strongly disagree,Strongly disagree,Strongly agree,Strongly agree,Somewhat agree,Extremely likely,Extremely likely,Extremely likely,Extremely likely,Extremely likely,Somewhat likely,Somewhat likely,Extremely likely,Extremely likely,Extremely likely,Extremely likely,Somewhat likely,Extremely likely,Extremely likely,Extremely likely,Extremely likely,Extremely likely,Extremely likely,Extremely likely,Somewhat likely,Extremely likely,Extremely likely,Very Desirable,Very Desirable,A great deal,A great deal,Advance the state of research and innovation,Establishing clear regulations and commitments for citing the original author/s
2025-09-21 14:23:49,2025-09-21 14:30:13,IP Address,100,384,True,2025-09-21 14:30:14,R_4wdQg8Oq1T94RZD,email,EN,0.800000011920929,"I confirm that I am 18 years of age or older,I confirm that I have read and understand the information sheet for the above project,I understand that my participation is voluntary and that I am free to withdraw at any time during the survey without giving any reason,I have been informed about how the data will be used and stored",48,Male,,Associate Professor / Reader,25,0,Extremely unlikely,Somewhat likely,Neither agree nor disagree,My Institutional Review Board does not allow me to share my data,Strongly disagree,Strongly disagree,Strongly disagree,Strongly disagree,Strongly disagree,Strongly disagree,Strongly disagree,Strongly disagree,Strongly disagree,Agree,Somewhat agree,Strongly disagree,Strongly agree,Neither agree nor disagree,Somewhat disagree,None,Agree,Agree,Somewhat agree,Somewhat agree,Somewhat agree,Neither agree nor disagree,Strongly disagree,Neither agree nor disagree,Neither agree nor disagree,Somewhat agree,Neither agree nor disagree,Somewhat disagree,Somewhat likely,Somewhat likely,Somewhat likely,Somewhat unlikely,Somewhat unlikely,Somewhat unlikely,Somewhat unlikely,Somewhat likely,Somewhat likely,Neither likely nor unlikely,Extremely likely,Somewhat likely,Extremely likely,Somewhat likely,Extremely unlikely,Somewhat unlikely,Extremely likely,Somewhat likely,Neither likely nor unlikely,Neither likely nor unlikely,Somewhat likely,Somewhat unlikely,Desirable,Desirable,A moderate amount,A little,Enable other researchers to ask new questions of extant data,"Our ethics committee does allow the use of repositories. That needs to change. "
2025-09-21 18:13:19,2025-09-21 18:21:19,IP Address,100,480,True,2025-09-21 18:21:20,R_8qjkFmRjX3Cfrln,email,EN,0.8999999761581421,"I confirm that I am 18 years of age or older,I confirm that I have read and understand the information sheet for the above project,I understand that my participation is voluntary and that I am free to withdraw at any time during the survey without giving any reason,I have been informed about how the data will be used and stored",43,Male,Independent Scholar,Other,19,5,Extremely unlikely,Extremely unlikely,Strongly agree,"My Institutional Review Board does not allow me to share my data,The consent form states that data will not be shared,Anonymity can not be guaranteed if the data is shared",Agree,Agree,Somewhat agree,Neither agree nor disagree,Somewhat agree,Disagree,Strongly agree,Strongly agree,Strongly agree,Somewhat agree,Agree,Somewhat agree,Somewhat disagree,Neither agree nor disagree,Neither agree nor disagree,,Agree,Somewhat agree,Somewhat agree,Somewhat agree,Somewhat agree,Somewhat agree,Somewhat agree,Neither agree nor disagree,Neither agree nor disagree,Neither agree nor disagree,Somewhat agree,Neither agree nor disagree,Somewhat unlikely,Somewhat unlikely,Neither likely nor unlikely,Neither likely nor unlikely,Somewhat likely,Extremely likely,Extremely likely,Neither likely nor unlikely,Neither likely nor unlikely,Neither likely nor unlikely,Somewhat likely,Neither likely nor unlikely,Extremely likely,Somewhat likely,Extremely likely,Somewhat likely,Extremely likely,Somewhat likely,Somewhat likely,Extremely likely,Extremely likely,Extremely likely,Neutral,Neutral,A moderate amount,A little,Advance the state of research and innovation,Properly reward the people that collected the data and ensure it will be used ethically
2025-09-22 02:03:25,2025-09-22 02:18:19,IP Address,100,893,True,2025-09-22 02:18:19,R_4V7jpfObgjmcLId,email,EN,0.800000011920929,"I confirm that I am 18 years of age or older,I confirm that I have read and understand the information sheet for the above project,I understand that my participation is voluntary and that I am free to withdraw at any time during the survey without giving any reason,I have been informed about how the data will be used and stored",,Female,,Assistant Professor,10,0,Somewhat unlikely,Somewhat unlikely,Somewhat agree,"The consent form states that data will not be shared,Anonymity can not be guaranteed if the data is shared",Somewhat agree,Strongly agree,Strongly agree,Disagree,Agree,Neither agree nor disagree,Agree,Agree,Agree,Strongly agree,Neither agree nor disagree,Strongly disagree,Neither agree nor disagree,Strongly disagree,Disagree,I can't name any,Agree,Somewhat agree,Somewhat agree,Somewhat agree,Agree,Agree,Somewhat agree,Somewhat agree,Neither agree nor disagree,Somewhat agree,Strongly agree,Somewhat agree,Extremely unlikely,Extremely unlikely,Somewhat unlikely,Somewhat unlikely,Somewhat unlikely,Neither likely nor unlikely,Somewhat unlikely,Somewhat unlikely,Somewhat unlikely,Somewhat unlikely,Somewhat unlikely,Neither likely nor unlikely,Extremely likely,Neither likely nor unlikely,Extremely unlikely,Extremely unlikely,Neither likely nor unlikely,Somewhat unlikely,Neither likely nor unlikely,Somewhat unlikely,Somewhat unlikely,Somewhat unlikely,Neutral,Neutral,A little,A little,The ability to reproduce or verify research,"The ability to share data depends on the nature of that data and research project. In my research, it is usually impossible to share my data because some of it is qualitative and my participants are too identifiable. In my opinion, data sharing should be based on mutual trust and collaboration, with frameworks put in place to support this. Data should be managed with care and sharing it should not be a ""free for all"", especially in the age of AI."
2025-09-22 03:15:00,2025-09-22 03:26:45,IP Address,100,705,True,2025-09-22 03:26:45,R_2jYye1UYzF9ugsx,email,EN,1,"I confirm that I am 18 years of age or older,I confirm that I have read and understand the information sheet for the above project,I understand that my participation is voluntary and that I am free to withdraw at any time during the survey without giving any reason,I have been informed about how the data will be used and stored",51,Female,Hull University,Associate Professor / Reader,25,0,Extremely unlikely,Extremely unlikely,Neither agree nor disagree,The consent form states that data will not be shared,Neither agree nor disagree,Agree,Neither agree nor disagree,Neither agree nor disagree,Somewhat agree,Neither agree nor disagree,Somewhat disagree,Somewhat disagree,Somewhat disagree,Agree,Somewhat agree,Strongly disagree,Neither agree nor disagree,Neither agree nor disagree,Disagree,UK Data Service,Neither agree nor disagree,Somewhat agree,Somewhat agree,Somewhat agree,Somewhat agree,Somewhat agree,Neither agree nor disagree,Somewhat disagree,Neither agree nor disagree,Somewhat agree,Somewhat agree,Somewhat agree,Neither likely nor unlikely,Neither likely nor unlikely,Neither likely nor unlikely,Neither likely nor unlikely,Neither likely nor unlikely,Neither likely nor unlikely,Somewhat likely,Somewhat likely,Somewhat likely,Extremely likely,Somewhat likely,Somewhat likely,Extremely likely,Neither likely nor unlikely,Extremely likely,Neither likely nor unlikely,Extremely likely,Neither likely nor unlikely,Somewhat likely,Somewhat unlikely,Somewhat likely,Neither likely nor unlikely,Neutral,Desirable,A moderate amount,None at all,Make results of publicly funded research available to the public,Provide guidance for researchers about the kinds of data that can/should be shared and the kinds of data that cannot/should not be shared
2025-09-22 18:48:44,2025-09-22 18:56:01,IP Address,100,437,True,2025-09-22 18:56:02,R_4umvO81K5X79nSp,email,EN,1,"I confirm that I am 18 years of age or older,I confirm that I have read and understand the information sheet for the above project,I understand that my participation is voluntary and that I am free to withdraw at any time during the survey without giving any reason,I have been informed about how the data will be used and stored",30,Female,,Post Doc,8,20,Somewhat unlikely,Somewhat unlikely,Somewhat disagree,Anonymity can not be guaranteed if the data is shared,Somewhat agree,Agree,Disagree,Disagree,Disagree,Somewhat agree,Neither agree nor disagree,Neither agree nor disagree,Neither agree nor disagree,Disagree,Somewhat agree,Disagree,Strongly agree,Disagree,Disagree,OSF,Somewhat agree,Agree,Agree,Agree,Agree,Agree,Neither agree nor disagree,Strongly agree,Strongly agree,Somewhat agree,Strongly agree,Strongly agree,Somewhat unlikely,Somewhat unlikely,Somewhat likely,Neither likely nor unlikely,Neither likely nor unlikely,Extremely likely,Extremely likely,Neither likely nor unlikely,Somewhat unlikely,Extremely likely,Extremely likely,Extremely likely,Extremely likely,Somewhat likely,Somewhat likely,Somewhat likely,Somewhat likely,Somewhat likely,Neither likely nor unlikely,Extremely likely,Extremely likely,Extremely likely,Neutral,Neutral,A little,None at all,Make results of publicly funded research available to the public,"Fully accessible data sharing can be really tricky, I'm a big fan of ""data available on request"", as a way of promoting accessibility without it being ""out there"" in the public domain with no boundaries. "
